,NPI_ID,HCP_ID,Age,Year_of_Experience,Number_of_Rx,Rx_last_1_Month,Rx_last_3_Month,Rx_last_6_Month,Rx_last_12_Month,Claims_last_1_Month,Claims_last_3_Month,Claims_last_6_Month,Claims_last_12_Month,Procedures_chemo_last_1_month,Procedures_chemo_last_3_month,Procedures_chemo_last_6_month,Procedures_chemo_last_12_month,Procedures_radio_last_6_month,Procedures_radio_last_12_month,Procedures_Biopsy_last_6_month,Promotional_medscape,Promotional_medscape_last_1_month,Promotional_medscape_last_3_month,Promotional_medscape_last_6_month,Promotional_medscape_last_12_month,Sex_ M ,Specialty_Oncology,Specialty_Pediatric,Specialty_Uro-oncology,HCO_Affiliation_Type_Contract,HCO_Affiliation_Type_Referral
1966,7552363,HCP_1967,60,44,1100,1297,1926,3288,4463,244,357,385,423,35,51,72,100,112,191,108,7,10,15,25,48,False,False,True,False,False,True
1376,4047649,HCP_1377,88,56,1100,1786,2959,5062,5420,97,161,294,403,71,86,127,137,68,125,91,7,10,19,33,44,True,True,False,False,False,False
881,5063276,HCP_882,54,33,175,350,467,564,583,193,288,299,565,24,48,61,82,211,334,138,10,20,22,43,75,True,False,False,False,False,False
4226,6628561,HCP_4227,85,10,730,1382,2526,4890,9192,37,62,95,154,31,43,65,67,118,232,112,6,12,15,27,52,True,True,False,False,False,True
4917,6186618,HCP_4918,61,60,1100,1717,1809,2926,4006,37,48,89,154,30,51,86,88,84,99,89,8,14,15,24,45,True,False,False,True,True,False
2594,5128317,HCP_2595,66,51,1100,1654,3275,3320,3571,92,136,195,356,24,39,47,76,79,81,141,10,11,14,25,29,False,False,False,False,False,True
790,3037966,HCP_791,48,10,474,623,944,1486,1576,206,220,346,390,60,117,133,136,152,153,112,6,8,10,17,20,True,False,True,False,False,False
2999,2494688,HCP_3000,50,55,1100,1246,1490,2771,3829,350,533,850,1120,42,44,55,99,114,158,91,6,12,14,16,17,False,False,False,False,False,False
1233,6729678,HCP_1234,86,20,320,580,965,1735,2248,312,582,806,1077,47,60,66,96,119,227,155,9,10,12,15,26,True,False,False,False,False,True
1565,1467042,HCP_1566,72,46,1100,1240,2007,3895,5409,235,467,879,1229,66,92,142,171,246,480,76,8,13,26,32,37,True,False,False,False,True,False
967,1331017,HCP_968,84,16,1100,1199,2152,3321,3976,246,474,791,878,65,98,195,244,66,82,188,9,14,25,39,63,True,False,True,False,False,True
503,3637733,HCP_504,61,57,1100,1952,3877,5241,7242,296,510,671,989,38,53,77,115,146,283,57,5,7,11,13,21,True,False,False,True,False,False
2005,3305394,HCP_2006,89,24,247,293,467,557,806,199,219,237,283,48,53,63,112,185,229,225,6,10,14,25,45,True,False,False,True,False,False
3481,6292573,HCP_3482,44,60,965,1609,2606,4577,7395,182,193,313,453,56,92,103,123,90,176,111,9,11,16,21,24,True,False,True,False,False,True
2882,8886918,HCP_2883,83,60,1100,1930,2555,2902,3099,326,499,646,1205,56,63,88,107,275,408,117,7,11,19,23,28,False,False,False,False,False,False
1995,3242943,HCP_1996,88,50,794,1244,1475,2485,3188,130,132,162,211,44,80,134,209,83,165,74,7,13,22,36,62,True,False,False,False,False,True
1862,1863248,HCP_1863,84,10,267,304,337,645,1170,294,497,666,1126,71,104,143,199,82,151,111,9,12,14,21,36,True,False,False,True,False,False
1106,2096231,HCP_1107,37,10,100,102,138,214,247,12,22,29,46,26,27,35,43,63,83,129,7,10,12,16,27,False,False,True,False,False,False
1575,3023155,HCP_1576,30,22,750,1418,2450,4042,5418,152,216,341,556,25,36,41,79,108,175,82,8,13,14,25,39,True,False,True,False,False,False
3187,8971915,HCP_3188,51,59,1100,1752,2394,2882,3087,239,381,444,809,30,53,76,144,98,109,102,5,9,14,15,24,False,False,False,False,False,True
4421,7231495,HCP_4422,45,55,1100,1408,2535,3070,4576,250,342,608,986,28,53,97,191,108,134,138,8,11,21,31,51,True,False,True,False,True,False
2411,2948407,HCP_2412,61,38,979,1668,2443,3609,4930,319,508,1011,1320,35,53,55,67,155,267,182,5,7,9,14,25,True,False,True,False,False,False
4222,7699050,HCP_4223,59,10,308,396,404,506,770,160,281,284,534,75,150,258,509,106,133,169,8,13,25,28,47,False,True,False,False,False,True
3859,6387571,HCP_3860,87,28,437,590,829,1246,1929,46,60,80,141,57,68,121,137,100,167,204,5,9,17,30,46,False,False,False,False,False,False
1223,5250341,HCP_1224,52,23,1100,1189,1250,1324,1588,225,331,524,597,53,80,157,160,194,217,147,9,15,19,32,55,True,False,False,False,True,False
1460,4915928,HCP_1461,68,56,732,1239,1558,2136,3100,74,94,119,182,34,48,55,66,116,199,121,7,14,18,21,42,True,False,False,False,True,False
4279,5046296,HCP_4280,46,42,1100,2156,3323,4287,4895,212,329,520,662,63,67,72,125,113,148,155,9,15,18,19,37,True,False,False,True,True,False
1446,4552149,HCP_1447,55,53,1100,1384,2630,2937,3658,327,534,844,924,47,88,156,281,100,177,84,8,16,32,47,87,False,False,False,False,False,False
670,2093243,HCP_671,43,58,244,488,646,1236,1559,262,324,417,526,75,140,276,387,84,155,139,6,12,24,41,78,True,False,False,True,False,True
3308,3472823,HCP_3309,78,26,969,1320,1402,2648,5247,326,588,774,856,39,47,70,86,134,268,77,9,14,26,35,64,False,False,False,False,False,False
4315,1848977,HCP_4316,75,43,723,1278,2056,3181,5967,185,192,302,311,36,58,80,104,162,322,99,6,8,10,11,20,True,False,False,False,False,True
3820,7427060,HCP_3821,37,49,1100,1315,2451,3052,3385,195,276,531,605,71,80,93,126,173,183,88,8,12,20,32,40,True,False,False,False,False,True
4485,3476667,HCP_4486,35,60,1100,1505,2696,4240,4605,140,191,217,249,66,122,155,257,116,150,90,9,11,22,26,36,True,False,False,False,False,False
2314,9607188,HCP_2315,53,18,1100,2088,3923,6568,12842,257,432,512,783,58,107,132,214,224,349,101,8,11,17,25,27,True,False,True,False,False,False
402,8317149,HCP_403,86,60,1100,1355,2373,2752,3410,318,379,728,1453,73,116,186,215,102,157,101,9,18,23,39,41,True,False,False,False,False,False
1681,6924339,HCP_1682,48,10,1100,1522,2715,3623,4819,167,253,282,473,56,108,150,219,225,286,78,8,11,17,21,22,False,False,True,False,False,False
4549,3346807,HCP_4550,91,17,268,448,681,1316,2092,46,67,91,177,67,132,212,341,204,221,58,10,13,15,27,42,True,False,True,False,False,False
2655,5375031,HCP_2656,53,10,490,927,1431,2048,2580,185,210,403,512,65,103,170,262,137,194,70,9,15,19,22,31,False,False,True,False,False,False
1698,5232374,HCP_1699,69,60,1100,1901,3720,7165,12543,236,373,742,960,40,44,60,110,205,269,83,6,10,13,15,26,True,False,False,True,False,False
1070,7610984,HCP_1071,65,60,1100,1774,2257,3120,5143,81,135,198,229,64,73,97,194,93,118,216,9,12,24,25,29,True,False,True,False,False,False
4905,1260866,HCP_4906,56,48,957,1413,2372,3954,7821,106,138,147,202,45,65,95,127,153,232,94,10,18,21,34,51,True,False,False,True,False,True
2389,9949528,HCP_2390,29,37,1042,1157,2066,3421,4631,335,596,934,1183,35,41,73,97,121,184,84,8,11,15,23,26,False,False,False,False,False,False
758,9415226,HCP_759,92,16,470,494,864,892,1737,242,421,656,662,53,83,131,245,205,360,127,5,10,13,25,48,False,True,False,False,False,False
1616,3037514,HCP_1617,69,17,648,710,1365,1807,3599,308,376,751,1079,49,98,170,193,119,161,149,5,9,10,18,20,False,False,True,False,False,True
4225,2521975,HCP_4226,47,38,559,846,1228,1516,1527,136,165,266,364,50,68,101,102,96,127,120,5,8,15,26,52,False,False,True,False,True,False
4358,1920460,HCP_4359,90,24,273,472,641,1128,1930,144,215,377,444,52,81,86,160,96,164,170,6,9,13,26,33,False,False,False,False,False,False
2362,7636415,HCP_2363,80,48,1100,1236,2317,3201,4158,287,413,526,707,45,85,120,220,91,180,114,7,9,16,23,46,False,False,False,False,False,False
611,1161252,HCP_612,75,55,1100,2126,3426,5302,9083,112,217,370,691,63,89,108,203,132,160,182,7,14,17,34,56,True,False,False,False,True,False
2180,5611938,HCP_2181,90,10,575,866,1078,1223,1599,322,463,763,857,74,79,112,136,211,269,129,5,10,17,31,32,True,False,False,False,False,False
2841,8361421,HCP_2842,35,56,1100,1784,2587,4662,8773,119,161,185,258,37,44,47,73,79,114,96,8,11,16,24,44,False,True,False,False,False,False
211,8819602,HCP_212,41,42,1079,1897,1943,3832,7217,226,374,596,1008,57,85,117,211,71,78,218,9,13,20,40,44,False,False,True,False,True,False
3817,7396429,HCP_3818,79,51,1100,1183,2339,3192,3358,302,438,842,1202,72,110,202,303,55,64,100,7,14,18,31,59,True,False,False,False,True,False
1141,9653025,HCP_1142,71,52,1100,1288,1776,2372,3553,286,556,754,782,27,30,42,72,60,66,70,6,8,15,17,18,False,False,True,False,False,False
3558,4223867,HCP_3559,69,12,701,931,1081,1688,2920,282,563,881,1370,45,87,88,162,123,238,100,8,15,19,35,44,True,False,False,False,False,True
4670,3591483,HCP_4671,44,55,838,1182,1876,3449,5438,130,190,301,478,48,64,96,111,150,222,76,10,13,24,35,37,True,False,False,True,True,False
2606,7011496,HCP_2607,50,60,1100,1639,2292,2937,3839,106,119,206,312,67,119,171,244,106,123,216,10,19,28,50,81,True,False,False,False,False,False
4555,4407278,HCP_4556,57,43,990,1062,1325,1719,3264,22,30,60,98,56,95,180,311,192,312,139,5,9,12,16,25,True,False,False,False,False,True
1618,9967016,HCP_1619,29,60,1100,1935,3179,4760,6668,66,128,203,232,61,68,74,134,117,165,174,8,9,16,19,23,True,False,False,False,False,False
3085,1024407,HCP_3086,88,21,644,724,1279,1843,2711,49,81,156,212,52,68,91,108,90,154,116,8,11,19,20,36,True,False,False,False,False,True
786,3819732,HCP_787,41,58,1100,1180,1819,3154,5322,276,399,401,790,24,33,40,63,109,119,113,8,14,26,30,37,True,True,False,False,False,True
1031,3648027,HCP_1032,90,13,440,760,1154,1991,3800,71,142,237,418,72,90,148,269,134,250,59,6,11,16,28,37,True,False,False,False,True,False
4402,2403051,HCP_4403,88,52,1100,1347,1448,1853,3649,243,466,821,1195,57,89,139,149,123,242,108,6,11,22,28,51,False,False,False,False,False,False
3499,6883305,HCP_3500,80,53,1100,1212,2363,2799,5450,255,258,317,376,30,36,48,53,152,278,104,5,9,12,14,17,False,False,False,True,False,False
2637,6304544,HCP_2638,69,43,548,656,876,1679,2438,77,113,156,268,75,96,188,256,185,257,187,8,13,25,45,55,True,False,False,False,True,False
414,3290409,HCP_415,34,43,1088,1733,2152,3534,6059,250,343,515,516,34,56,79,81,89,120,71,8,9,11,18,30,False,False,False,True,False,True
4709,8080635,HCP_4710,81,60,980,1488,2855,3749,6773,98,127,131,237,26,48,90,93,162,220,181,8,14,28,55,109,False,False,False,True,True,False
1326,1921244,HCP_1327,89,37,1100,1844,2758,5222,8443,138,158,180,356,66,113,195,364,215,423,158,6,9,18,32,48,False,False,False,False,False,False
2719,3370811,HCP_2720,32,42,597,1021,1519,2815,3643,130,206,270,377,36,59,82,111,184,199,110,7,12,16,29,52,False,False,True,False,False,False
1268,7374194,HCP_1269,55,25,276,473,791,1473,2391,333,493,567,975,32,56,81,87,72,114,85,6,9,18,27,36,True,False,False,False,False,False
3151,5838879,HCP_3152,35,10,654,865,1634,2964,3082,279,516,530,879,40,77,103,124,139,237,199,5,9,18,24,38,True,False,False,False,False,False
4015,4484519,HCP_4016,74,60,1028,1205,1723,2634,4833,287,423,496,657,27,49,67,125,154,186,170,6,12,21,34,65,False,False,False,False,False,False
4758,4913371,HCP_4759,52,57,1100,1264,1682,1756,3070,206,271,540,1060,34,60,109,122,220,402,110,6,12,23,25,41,True,False,True,False,True,False
4750,9753353,HCP_4751,63,39,1100,1593,1877,3203,4773,225,447,835,1638,45,80,89,109,70,76,126,5,9,16,26,27,True,False,False,True,False,True
1873,7558154,HCP_1874,48,30,1100,2102,4049,4345,4507,111,188,293,368,66,83,116,158,93,138,145,9,12,18,23,28,False,False,False,False,True,False
3080,5567019,HCP_3081,82,40,1087,1718,1808,3504,4430,42,63,77,82,50,87,104,152,127,135,202,6,7,14,28,47,True,False,False,False,True,False
3756,5633298,HCP_3757,61,54,1100,1498,1523,2327,3792,103,182,348,404,54,69,121,158,115,184,111,7,12,23,33,52,False,False,True,False,False,False
966,2482168,HCP_967,56,10,472,653,1184,2097,2542,126,131,240,406,66,129,143,211,132,235,185,9,15,29,39,56,True,False,False,True,True,False
1762,9166638,HCP_1763,66,47,542,911,1456,2309,3643,9,16,23,46,37,52,57,66,115,161,163,6,10,14,20,36,False,False,False,True,False,False
4072,5982622,HCP_4073,62,10,516,959,1389,2561,4505,105,201,399,696,74,94,131,258,140,229,134,9,11,14,18,30,True,False,True,False,True,False
889,6624160,HCP_890,51,46,1100,1980,3431,6093,8700,263,481,522,586,30,36,64,87,106,117,116,6,7,12,17,19,True,False,False,False,False,False
4063,7405593,HCP_4064,31,60,1100,1567,1870,3095,4389,250,281,357,643,27,39,60,61,80,141,109,9,10,20,21,41,True,True,False,False,True,False
2852,6738856,HCP_2853,87,60,1100,1268,1520,1525,3001,9,12,13,26,43,77,133,191,135,142,251,6,10,15,30,39,False,False,True,False,True,False
2446,3388963,HCP_2447,33,10,136,211,402,409,801,174,307,376,720,73,128,157,182,134,205,159,9,16,26,27,33,True,True,False,False,False,False
551,2883289,HCP_552,90,12,166,247,292,544,562,11,18,29,51,41,46,90,107,125,247,96,7,14,23,37,55,False,False,False,False,False,False
4565,2567520,HCP_4566,88,60,918,1221,2145,2635,2749,237,287,507,559,67,98,193,239,82,134,97,9,14,25,45,83,True,False,True,False,True,False
4434,4135202,HCP_4435,83,46,1100,1153,1631,2913,4286,225,376,577,1077,68,113,181,335,70,134,65,5,9,17,33,45,False,False,False,True,False,False
3041,8389630,HCP_3042,79,13,234,365,473,907,1187,66,111,136,147,71,128,216,379,109,129,155,9,10,15,18,30,False,False,False,True,False,False
4045,4772509,HCP_4046,35,10,107,115,228,288,549,327,398,647,833,62,94,144,221,108,109,136,8,11,21,35,57,True,False,False,True,False,False
3438,1015551,HCP_3439,67,58,912,1222,1449,1526,1960,257,427,560,829,29,48,70,124,79,85,103,9,16,23,42,48,False,False,False,True,False,False
1827,1565352,HCP_1828,42,40,851,1329,1851,2843,4755,206,293,338,473,34,53,70,128,196,323,111,5,8,16,24,26,True,False,False,False,True,False
651,6261808,HCP_652,90,29,947,1563,2081,2753,2766,41,56,82,96,60,105,171,330,189,225,101,7,11,15,30,53,False,False,False,False,False,False
1369,5944892,HCP_1370,70,42,1020,1701,2620,4131,6094,333,582,866,1524,51,53,66,91,162,217,144,5,10,16,25,40,True,False,True,False,False,False
1766,8046357,HCP_1767,68,47,893,927,1340,2274,2755,107,170,190,202,32,49,61,105,174,211,169,8,10,17,34,51,True,True,False,False,False,False
4310,8153026,HCP_4311,92,30,1088,2082,3014,3951,4731,341,634,1229,1527,33,55,83,100,67,72,119,7,8,13,18,31,False,False,True,False,True,False
3655,9723733,HCP_3656,87,53,1073,1781,3548,7055,10297,77,117,198,215,37,61,67,85,86,94,89,10,19,38,39,67,True,True,False,False,False,False
1158,9184954,HCP_1159,41,60,1100,1770,2431,3078,4950,239,354,411,818,33,36,38,69,158,227,156,6,12,16,24,29,False,True,False,False,False,False
1032,8966369,HCP_1033,90,42,828,1011,1734,2657,4529,243,369,494,959,70,113,179,238,140,141,115,8,15,19,36,56,True,True,False,False,False,False
4025,7797208,HCP_4026,63,19,327,477,823,1313,1413,149,202,361,385,62,92,161,215,153,302,215,8,13,15,24,37,False,False,False,True,False,False
802,6800664,HCP_803,37,44,1060,1865,2053,2186,3151,315,583,1080,2053,53,75,78,124,166,305,70,10,11,13,25,41,False,True,False,False,True,False
597,1869467,HCP_598,73,20,1100,2006,2898,4624,8101,244,390,774,917,30,48,49,67,85,113,138,8,15,17,23,34,False,False,False,False,True,False
1273,9382811,HCP_1274,36,38,804,1167,1339,1864,2592,60,63,118,234,68,133,164,189,133,194,143,5,8,9,16,29,True,False,False,False,False,True
2990,6010333,HCP_2991,50,10,404,447,595,1025,1234,15,24,25,28,42,79,93,134,91,169,62,10,17,19,22,32,True,True,False,False,False,False
2582,1036989,HCP_2583,29,13,169,328,522,584,910,294,514,651,1153,27,46,70,103,60,89,203,10,14,27,35,44,True,False,False,False,False,False
3928,2735522,HCP_3929,84,56,1100,1102,1176,1953,2189,49,82,115,220,52,88,132,176,151,297,43,10,18,36,56,105,False,False,False,False,False,True
3864,4183034,HCP_3865,57,41,1100,1944,1977,1984,2780,211,276,449,524,31,40,58,84,181,244,171,8,13,18,25,40,False,False,False,False,True,False
4185,7973385,HCP_4186,45,44,1003,1948,3272,3316,4391,349,642,945,1351,50,97,179,240,179,312,103,9,10,19,34,47,True,True,False,False,False,False
3848,7130900,HCP_3849,33,60,755,1134,1981,3163,4720,115,210,368,646,59,71,136,243,114,160,168,7,9,10,15,29,True,True,False,False,True,False
3038,6197908,HCP_3039,37,10,745,1300,2562,2941,5660,54,72,140,160,70,77,136,144,114,152,163,8,16,23,31,61,False,False,True,False,True,False
2178,8676091,HCP_2179,71,15,518,562,909,1162,2056,86,130,163,200,47,89,168,221,217,299,138,5,6,10,16,20,True,False,False,False,False,False
1147,7855828,HCP_1148,64,51,1002,1233,2285,2516,3442,90,159,191,255,62,119,221,367,62,90,201,7,13,23,42,76,False,False,False,False,False,False
777,1433189,HCP_778,76,13,650,813,1500,2381,2704,203,339,378,620,62,118,133,220,59,115,87,6,11,12,19,33,True,False,False,False,False,True
1247,5444691,HCP_1248,51,57,965,1047,1940,2013,3819,76,115,182,249,54,97,144,280,133,220,164,9,10,20,22,42,True,False,False,False,False,False
1039,2753509,HCP_1040,85,14,1039,1299,2305,3768,6297,336,661,1269,2309,57,78,114,210,158,313,127,7,13,26,30,54,False,False,True,False,False,True
2812,7563525,HCP_2813,50,10,443,740,1403,1627,2368,265,399,416,439,24,48,77,147,101,148,133,10,11,20,34,63,False,False,False,True,False,False
4354,7577862,HCP_4355,33,17,578,941,1367,1488,2404,316,607,674,1029,58,68,97,128,91,126,182,6,8,12,19,20,False,True,False,False,False,False
971,5280870,HCP_972,89,60,1100,1453,1670,2365,4226,159,248,294,556,54,90,145,259,162,323,214,9,13,14,18,34,False,False,False,False,False,True
2617,1824062,HCP_2618,34,14,1000,1296,1434,2354,2821,270,346,385,727,53,60,108,187,154,302,102,5,6,7,12,20,True,False,False,False,False,False
2548,8559469,HCP_2549,47,49,996,1689,2213,4272,4277,105,125,136,208,63,106,166,189,134,185,115,8,14,19,21,41,False,False,True,False,False,False
408,8227964,HCP_409,57,30,523,524,716,1405,1925,129,236,470,744,49,58,100,167,134,239,94,8,13,18,24,25,False,True,False,False,False,True
4162,8647847,HCP_4163,28,57,993,1523,2419,3579,4516,183,300,413,544,31,45,54,81,214,282,174,7,14,19,23,33,False,False,False,False,False,False
1317,9635384,HCP_1318,50,54,1100,1249,2492,3876,6373,21,30,37,71,65,67,121,147,147,277,164,6,11,12,18,28,True,False,False,False,False,False
3888,8989171,HCP_3889,63,60,1100,1261,2204,3774,4676,105,148,165,302,42,55,94,142,49,75,158,6,10,14,21,42,True,False,False,False,False,False
2829,9375748,HCP_2830,55,43,1100,1105,1516,2177,2241,106,199,302,509,50,82,84,168,118,203,147,10,17,26,47,69,False,False,False,False,False,True
2977,6541494,HCP_2978,51,44,1100,1545,2867,4127,7192,289,469,849,1254,35,65,91,131,58,61,146,8,13,16,29,50,True,False,False,False,False,False
815,3361206,HCP_816,62,31,1100,1976,2786,4686,5385,300,346,455,693,59,72,119,157,210,313,147,6,10,16,26,47,True,False,True,False,False,False
75,1214070,HCP_76,28,10,141,190,350,681,773,211,356,462,822,28,34,64,116,143,264,158,8,15,27,54,94,False,False,False,False,True,False
2330,7844159,HCP_2331,78,60,1100,1121,2170,3019,4701,224,385,507,887,59,113,137,256,122,150,172,8,13,23,25,38,False,False,False,False,False,True
3713,7755605,HCP_3714,80,47,1100,1444,1787,3408,3604,61,78,81,116,69,70,131,202,170,171,127,8,9,16,28,51,True,False,True,False,False,True
2368,1917984,HCP_2369,58,21,489,767,941,1311,2294,230,361,698,1303,33,61,102,181,103,133,111,6,10,13,20,32,False,False,False,True,True,False
2076,6582071,HCP_2077,53,38,1100,1366,1904,2151,2271,132,249,350,627,60,84,166,308,116,170,235,5,7,8,16,30,False,True,False,False,False,True
4369,4688558,HCP_4370,78,57,1100,1229,2279,3066,3128,122,221,251,378,56,107,209,362,107,149,89,7,14,21,37,71,True,False,True,False,False,False
1685,9146270,HCP_1686,38,10,153,296,406,698,1269,160,319,368,625,39,50,74,86,224,413,217,6,12,21,30,39,True,False,True,False,False,True
2890,5300276,HCP_2891,34,54,1100,1860,2732,4338,5447,48,89,124,239,32,45,75,118,71,92,152,10,14,15,26,47,True,False,False,False,False,True
4636,3710736,HCP_4637,60,60,1100,1741,2089,2821,4294,162,190,325,533,54,84,90,162,92,142,142,6,7,14,17,27,False,False,False,False,False,False
2291,8142685,HCP_2292,70,42,1100,2156,4072,7074,11520,280,302,524,706,61,72,143,278,106,145,112,9,15,21,25,36,True,True,False,False,True,False
2140,1235681,HCP_2141,30,25,555,1083,1942,2733,4963,238,359,674,817,51,65,106,168,152,287,119,9,11,17,23,26,False,False,False,False,True,False
1093,4708361,HCP_1094,76,58,1007,1106,1246,1824,2745,300,333,424,806,30,35,48,86,115,118,94,5,9,10,18,28,True,False,False,False,False,False
2142,3981175,HCP_2143,75,60,1100,1385,1519,1711,2862,249,413,689,1102,62,103,197,364,138,235,108,10,18,35,45,81,True,False,False,False,True,False
4425,7938903,HCP_4426,74,60,1100,2167,2313,2435,3566,137,148,170,207,23,29,43,55,56,103,222,10,13,25,40,75,False,False,False,False,False,False
390,9792207,HCP_391,79,10,564,946,1112,1649,2868,281,383,703,843,74,130,141,176,126,235,95,5,10,14,26,29,True,False,False,True,False,True
1227,4403205,HCP_1228,41,53,1100,1286,1901,3236,6082,285,437,782,1374,26,35,53,97,171,287,141,8,9,13,25,48,False,False,False,True,False,True
2994,1002374,HCP_2995,65,10,100,194,264,461,703,283,315,448,711,75,95,160,161,189,276,52,6,10,11,21,32,True,False,True,False,False,False
4563,5335694,HCP_4564,32,58,1090,1891,2825,3408,3796,113,153,197,249,61,108,180,256,81,129,276,7,14,24,42,55,False,False,True,False,False,False
1725,3302482,HCP_1726,68,60,1100,1627,2424,4632,6005,35,37,72,108,34,42,62,120,131,197,129,6,7,8,16,28,True,False,False,True,False,False
1855,5120354,HCP_1856,54,10,365,676,1057,1245,1373,318,505,715,1180,51,99,164,283,80,100,45,8,15,16,23,37,True,True,False,False,False,False
2790,7057951,HCP_2791,86,48,939,1701,2733,4965,9089,100,105,182,214,55,101,182,286,203,247,248,5,6,8,16,25,False,False,False,False,False,True
2092,7740805,HCP_2093,53,58,944,1625,2664,5213,5570,72,121,232,360,46,53,69,118,60,67,110,8,11,15,19,29,False,False,False,False,True,False
1315,6564284,HCP_1316,33,44,1100,1819,2253,2996,4239,109,119,214,358,40,80,115,195,86,159,103,10,17,31,58,100,True,False,False,False,False,False
4553,6111026,HCP_4554,41,10,100,145,267,358,423,308,570,1057,1795,38,49,57,84,73,142,159,9,12,22,38,67,True,False,False,False,False,False
1300,2693721,HCP_1301,60,44,1100,1620,2308,4127,6169,174,213,426,590,39,56,78,135,78,113,183,9,11,19,20,25,True,False,False,False,False,False
2738,3897986,HCP_2739,33,29,140,247,462,752,766,43,48,63,105,25,48,72,75,101,168,87,6,8,16,26,29,True,True,False,False,False,False
3670,6668170,HCP_3671,66,18,607,1187,1723,2487,4317,42,45,80,126,58,61,65,100,147,155,132,6,9,13,20,30,False,False,True,False,False,False
2968,3001490,HCP_2969,69,10,455,603,914,1163,1169,160,241,410,653,28,40,59,65,142,173,83,9,16,22,42,64,False,False,True,False,True,False
133,3835910,HCP_134,44,10,752,754,1307,2569,2750,229,452,572,579,70,133,194,381,144,208,153,9,18,19,22,41,True,True,False,False,True,False
2581,5735365,HCP_2582,85,51,1100,2107,4172,5065,7655,344,492,786,936,58,59,78,105,251,493,163,5,8,15,24,46,True,True,False,False,True,False
4713,9755965,HCP_4714,91,45,1100,1895,3564,3901,5494,187,344,534,614,64,109,171,202,74,79,92,7,13,19,36,45,True,True,False,False,False,False
4435,2886154,HCP_4436,54,33,645,1161,1741,1947,3761,153,179,244,466,43,51,55,67,201,381,143,7,14,19,29,41,False,False,True,False,False,False
2126,9799825,HCP_2127,81,28,525,1022,1972,2267,4213,215,238,269,335,74,100,162,183,129,214,108,8,15,24,36,60,True,False,True,False,False,False
4152,5912193,HCP_4153,67,16,854,1061,1350,1387,1444,240,336,539,734,61,88,107,198,107,154,106,5,9,14,21,40,False,False,True,False,True,False
1825,7186930,HCP_1826,69,52,1025,1930,3023,4351,6531,176,269,455,495,58,68,101,106,117,137,176,7,8,9,15,21,True,True,False,False,False,False
4681,6962590,HCP_4682,83,50,1100,1144,1434,2302,2888,102,187,298,465,68,82,134,136,82,107,66,7,8,11,16,24,True,False,False,False,False,True
2336,1059561,HCP_2337,67,36,147,280,314,380,662,177,302,508,939,54,72,142,172,191,339,122,6,8,10,14,18,True,True,False,False,False,True
638,8969797,HCP_639,65,10,263,348,549,724,750,267,489,832,1651,65,97,105,153,243,449,276,5,8,15,29,57,False,False,False,False,False,False
3126,6308503,HCP_3127,68,30,977,1034,1493,1733,1766,155,158,314,328,44,65,67,71,224,371,90,9,14,22,30,55,False,False,False,False,False,True
3560,7350687,HCP_3561,82,43,626,674,714,1368,1839,39,65,92,107,71,86,108,143,95,119,59,9,15,17,32,56,True,False,True,False,False,False
2711,6178802,HCP_2712,72,15,548,765,893,1151,1244,336,375,453,808,62,68,104,175,131,159,96,8,16,25,29,47,False,False,False,True,False,False
3905,4079664,HCP_3906,50,43,1100,2041,2333,2605,3284,236,286,563,710,51,66,109,200,179,355,168,8,12,15,25,39,False,False,False,False,True,False
674,6949023,HCP_675,75,60,1100,1434,1499,2178,3406,149,172,339,544,63,64,122,196,169,259,58,10,15,24,26,30,True,False,False,True,True,False
2050,7871355,HCP_2051,78,24,480,510,566,655,925,17,33,40,44,46,83,162,184,114,191,191,5,9,16,29,53,True,False,False,True,False,True
3032,5713164,HCP_3033,44,57,1100,1929,3274,5591,8113,160,277,474,789,41,64,66,101,102,133,163,7,11,19,25,32,True,True,False,False,False,True
720,9590952,HCP_721,62,14,899,1734,1766,3195,3287,38,58,95,140,41,69,128,131,127,223,69,6,10,19,28,52,False,False,False,True,True,False
4860,6024431,HCP_4861,60,55,801,996,1834,2123,2298,122,244,388,595,30,43,52,88,113,133,126,6,7,11,17,32,False,True,False,False,False,True
1747,5280309,HCP_1748,53,60,853,1473,1913,2730,4782,39,61,89,95,23,43,67,76,139,146,135,8,10,19,29,53,False,True,False,False,False,False
4349,4125651,HCP_4350,41,60,1003,1904,3299,5612,7534,264,381,386,764,63,79,99,130,90,170,86,7,12,13,16,26,True,False,False,True,True,False
4342,5723516,HCP_4343,74,44,1064,2060,2689,4517,5664,263,377,701,1287,58,70,115,151,111,114,169,10,18,21,34,44,False,False,False,False,False,True
1749,1583444,HCP_1750,43,10,397,510,723,728,1380,233,418,501,880,30,43,75,135,218,259,172,7,13,15,26,27,False,False,False,False,False,False
4953,6241279,HCP_4954,74,26,547,580,631,913,1529,103,162,220,295,48,61,75,84,178,324,103,8,11,16,25,37,True,False,False,False,True,False
1700,8880146,HCP_1701,41,60,1100,1812,2576,3503,5490,65,127,254,325,26,46,50,85,127,153,129,7,10,11,22,27,True,False,False,False,False,False
1195,8011772,HCP_1196,40,56,486,664,814,1591,2081,247,381,697,900,32,64,92,133,95,104,58,8,16,26,39,57,True,False,False,True,True,False
4125,1211041,HCP_4126,31,10,1096,1393,1406,1545,2231,151,282,524,699,60,68,121,145,173,265,83,10,20,23,42,58,False,False,False,False,False,False
806,7901679,HCP_807,89,23,268,401,724,1223,1573,123,165,176,268,62,122,157,306,107,132,95,10,19,25,50,85,True,False,False,True,False,False
4888,3236966,HCP_4889,30,10,325,447,616,650,772,317,546,766,1065,57,107,162,173,167,256,265,9,14,22,39,55,True,False,False,False,False,False
1496,3389049,HCP_1497,86,43,1100,1110,1874,1898,3251,240,445,627,896,23,46,88,156,173,272,106,8,13,25,47,88,True,False,False,False,False,False
3314,9475484,HCP_3315,72,25,600,624,780,1377,2184,63,67,134,251,72,141,223,230,86,94,120,7,11,18,21,37,True,False,False,False,False,True
2781,7655912,HCP_2782,30,20,100,193,289,433,628,179,323,476,756,35,69,71,73,121,126,168,8,12,22,36,56,False,False,True,False,False,False
1915,5785262,HCP_1916,85,10,423,523,727,1303,1813,273,414,776,1302,63,125,187,326,203,375,75,7,12,24,25,48,True,False,False,False,False,False
2018,5231561,HCP_2019,55,56,1100,1492,2311,3509,6258,299,381,688,1133,63,94,171,251,250,465,112,6,9,18,31,60,False,False,False,False,False,True
1604,7043379,HCP_1605,65,60,1100,1350,1549,1776,2066,86,112,202,280,38,39,65,69,98,109,79,5,8,14,19,33,False,False,False,False,True,False
4506,6912560,HCP_4507,78,18,350,591,648,688,1070,66,79,80,94,47,85,136,238,147,240,120,10,13,25,47,51,False,False,False,False,True,False
2104,3971999,HCP_2105,73,20,833,1222,1629,1867,2359,124,207,377,636,41,67,90,94,50,65,52,6,7,13,16,24,False,True,False,False,False,False
45,7358244,HCP_46,31,45,1100,1458,2463,3684,5433,170,278,376,457,72,131,180,182,157,246,85,8,10,18,26,38,False,False,False,False,False,False
466,3455524,HCP_467,88,10,100,177,337,624,1072,111,113,179,331,53,102,140,172,107,202,166,8,11,16,22,34,True,False,False,False,True,False
2170,5799756,HCP_2171,61,25,100,117,195,206,405,65,76,93,174,47,86,123,147,160,241,101,9,15,25,30,54,False,False,True,False,False,True
141,1741960,HCP_142,60,50,1100,1873,3249,5359,5823,96,153,256,410,33,44,64,101,107,184,193,6,7,11,19,23,False,False,False,True,False,False
3832,4359896,HCP_3833,55,46,1100,1634,2819,3680,7188,340,380,552,1029,73,128,231,254,114,120,198,9,13,19,34,55,True,False,False,False,False,False
2757,6597188,HCP_2758,44,49,780,1432,2043,2603,4340,268,492,782,914,36,71,91,172,86,131,102,6,12,24,28,34,False,False,False,False,False,True
1572,2306747,HCP_1573,62,40,978,1006,1950,3112,3765,116,128,245,373,65,113,136,141,101,126,112,7,10,11,13,21,True,False,False,False,False,False
1605,2330192,HCP_1606,71,25,472,497,758,1459,1938,75,105,184,342,60,95,123,161,119,229,91,6,10,18,26,47,True,False,True,False,False,False
341,2154552,HCP_342,43,25,522,621,943,1282,2516,59,87,127,243,61,70,113,130,221,264,191,5,6,11,19,24,False,False,False,False,False,False
3958,9156781,HCP_3959,40,12,1100,1623,2038,2812,4343,242,444,687,1159,71,130,200,350,104,179,169,9,18,26,38,56,True,False,False,False,True,False
2547,1766514,HCP_2548,51,11,347,635,1087,1555,2927,242,301,535,564,36,51,54,74,59,81,114,7,14,19,37,38,False,False,False,False,False,True
2439,7097808,HCP_2440,44,50,1100,1317,1662,3008,3734,145,246,359,407,30,53,78,150,84,115,108,10,17,26,41,54,True,True,False,False,False,True
4901,7991597,HCP_4902,86,10,254,476,898,1279,2511,78,141,240,438,52,56,67,87,96,145,80,7,12,23,43,46,True,False,True,False,True,False
463,9174464,HCP_464,33,60,1100,1348,1622,2077,3370,102,117,132,206,25,43,79,93,134,184,104,9,18,36,47,49,True,False,False,False,True,False
709,4253620,HCP_710,43,60,1100,1136,1668,2257,4021,20,21,31,46,46,50,68,117,113,127,92,5,8,13,18,29,True,False,False,True,False,True
4362,3509997,HCP_4363,60,10,307,551,782,1061,1545,8,10,19,38,72,74,100,199,194,282,174,10,13,14,20,32,True,False,True,False,False,False
2684,6862705,HCP_2685,32,38,1100,1347,1806,3283,5927,340,560,1068,1787,42,59,108,214,167,280,94,7,12,17,34,44,True,False,True,False,True,False
4736,4617892,HCP_4737,60,16,523,935,1563,1799,3413,138,186,340,535,47,50,90,99,41,42,127,9,13,24,47,82,True,False,False,False,False,True
2944,2627182,HCP_2945,46,10,441,637,643,885,1286,172,333,601,736,68,88,111,218,131,206,208,7,14,23,38,49,True,False,False,False,False,False
1491,1805742,HCP_1492,83,54,1100,1487,1625,2911,3282,66,106,160,264,61,92,162,164,172,312,125,5,7,8,12,23,True,True,False,False,False,False
1739,6822334,HCP_1740,39,14,570,820,1050,1699,3097,286,510,644,1025,41,58,64,77,130,226,161,8,14,18,30,58,True,False,False,False,False,False
652,8798492,HCP_653,60,60,779,1321,2263,2677,4869,268,448,483,841,67,88,152,263,70,86,121,8,10,20,38,62,False,False,False,True,False,False
213,8173394,HCP_214,83,17,571,1013,1273,2411,4723,212,391,469,709,45,90,149,212,172,299,150,6,7,12,23,41,True,False,True,False,False,False
2010,8560278,HCP_2011,51,28,322,565,981,1275,1485,345,555,601,994,48,52,65,130,57,94,73,8,10,11,22,38,True,False,False,False,True,False
4103,9350380,HCP_4104,51,50,1026,1047,1237,2320,3010,164,174,267,510,65,96,111,167,168,267,90,9,10,20,26,30,True,True,False,False,False,False
208,4661851,HCP_209,88,10,477,906,1628,1667,3332,161,303,423,447,71,78,130,159,135,188,167,6,12,17,26,46,True,True,False,False,False,False
4,6650853,HCP_5,46,60,1043,1228,1305,1339,2483,232,261,519,930,75,83,110,163,122,158,234,8,12,15,30,52,True,False,False,False,True,False
4193,5001927,HCP_4194,40,48,461,468,668,1143,2164,127,230,336,659,23,32,48,69,69,105,59,6,11,17,21,30,True,False,True,False,True,False
3402,3396889,HCP_3403,46,18,660,1237,1922,1964,3540,64,94,154,166,59,93,143,241,121,173,193,5,7,11,14,26,False,False,True,False,True,False
4470,1384004,HCP_4471,70,56,355,607,662,859,1702,141,224,258,306,66,68,94,145,104,174,107,5,8,10,19,34,False,False,False,False,False,False
1621,3873601,HCP_1622,56,31,812,948,1568,2590,4875,181,292,381,397,35,54,100,134,133,162,95,6,10,20,40,44,True,False,False,False,False,False
3272,8805047,HCP_3273,28,10,529,942,1315,1620,3008,277,421,510,514,47,77,144,235,134,238,132,5,6,7,12,22,True,False,False,False,False,False
2237,6785760,HCP_2238,38,37,1046,1923,3403,3572,5048,311,510,644,956,70,119,185,354,117,231,202,10,18,24,43,62,True,True,False,False,True,False
4442,5705410,HCP_4443,30,25,562,623,1215,1898,3746,110,178,332,479,74,78,105,158,178,284,107,6,11,17,26,48,True,False,False,True,True,False
3305,6575468,HCP_3306,87,58,1100,1767,2995,3218,4098,234,293,505,862,41,48,82,112,167,248,140,5,9,13,20,34,False,False,False,False,True,False
2350,2816893,HCP_2351,32,60,1100,2101,3970,7163,13089,39,50,54,87,67,98,181,263,160,258,204,8,10,20,31,60,False,False,True,False,False,False
2456,6594350,HCP_2457,41,33,1085,1999,3842,6880,12434,278,359,531,619,56,81,122,164,116,229,83,5,7,10,16,30,True,False,True,False,True,False
2430,5163670,HCP_2431,70,51,1100,1862,3261,6196,9543,233,305,424,611,37,38,45,59,142,226,159,10,11,22,41,52,False,False,True,False,False,False
3023,8166462,HCP_3024,34,54,788,1444,1580,2706,5083,168,329,351,439,68,126,201,216,83,110,185,10,12,13,18,23,False,False,False,False,False,False
2390,6915641,HCP_2391,58,28,100,160,307,418,728,85,118,141,166,56,99,154,232,100,162,180,5,9,13,26,27,True,False,False,True,True,False
499,7056207,HCP_500,80,14,544,883,961,1505,1597,17,18,24,45,65,76,131,223,68,70,198,8,10,17,21,31,True,False,False,False,False,False
4671,8970332,HCP_4672,65,10,100,174,215,422,777,80,118,120,236,70,95,99,121,76,126,171,9,10,18,27,33,False,False,False,True,True,False
2602,9288787,HCP_2603,56,46,1094,1547,2254,3948,4836,64,118,168,324,60,114,137,138,116,213,67,9,17,20,30,34,True,False,False,True,False,False
3605,2750919,HCP_3606,31,44,1007,1670,2018,2899,3778,170,178,277,306,57,64,75,146,118,223,77,7,12,15,27,53,False,True,False,False,False,False
4759,9628996,HCP_4760,55,45,1022,1532,2815,3196,3678,319,586,965,1644,38,60,76,149,110,206,112,7,12,14,25,27,True,False,False,False,False,False
109,6081961,HCP_110,70,10,340,641,1202,2200,4027,31,49,63,66,72,133,156,191,196,304,113,5,8,10,11,14,False,False,False,False,False,True
4620,6607060,HCP_4621,29,20,831,1483,2579,3679,4718,20,29,35,37,50,89,175,307,167,233,121,7,14,26,50,68,True,False,False,False,False,False
2185,2625892,HCP_2186,68,51,961,1005,1805,2031,3691,15,17,21,33,69,77,84,106,104,106,158,6,10,20,34,53,True,False,False,False,False,False
3367,4683951,HCP_3368,83,10,100,111,212,251,460,39,55,83,152,47,54,86,114,155,245,152,6,11,13,17,25,True,False,False,False,False,True
774,7377210,HCP_775,61,10,592,1029,1144,1771,2517,178,205,320,616,29,53,55,107,212,356,187,6,10,15,28,48,True,False,False,False,False,True
4235,9609473,HCP_4236,72,33,885,1251,2473,3241,3493,306,459,891,1665,69,96,188,336,114,183,171,10,11,12,17,18,False,True,False,False,False,True
713,7310426,HCP_714,56,10,705,1026,1330,1836,2633,129,145,247,350,72,115,214,270,120,121,165,8,16,28,37,53,False,False,False,False,False,False
1532,5866721,HCP_1533,58,60,1100,2123,3460,5543,5872,182,189,327,381,37,49,67,103,110,167,190,9,17,31,46,65,True,False,True,False,False,False
865,2259138,HCP_866,82,59,1100,1252,1395,2261,2447,162,282,412,678,65,87,108,142,131,159,153,6,11,17,29,33,False,False,False,False,False,False
4812,6308168,HCP_4813,40,28,1100,1137,1461,2214,3821,161,320,327,376,59,65,98,143,172,341,209,7,12,17,26,44,False,False,False,True,False,True
3790,6219100,HCP_3791,58,56,536,751,1497,2429,3487,118,185,356,707,59,72,122,212,115,193,120,5,7,10,16,29,False,False,False,True,True,False
1027,9438539,HCP_1028,76,55,1100,2025,3413,3429,6690,192,287,556,950,58,91,100,125,191,320,112,7,12,19,36,54,True,False,False,False,False,True
4323,2544650,HCP_4324,69,10,585,705,1117,2101,3491,346,466,474,672,43,44,68,134,92,161,101,5,6,9,16,31,True,False,False,True,False,False
2203,5820488,HCP_2204,46,53,1078,1939,3568,5476,10441,140,222,327,527,47,74,128,173,62,117,132,8,12,19,33,55,False,False,False,True,True,False
2865,1100559,HCP_2866,56,60,1100,1262,1732,3201,3665,215,379,704,1338,26,46,82,146,164,303,106,8,9,10,19,34,True,False,True,False,False,False
4983,6569584,HCP_4984,46,22,901,1564,2519,4207,4826,321,485,814,1216,70,104,106,135,137,238,115,6,12,19,28,38,True,True,False,False,False,False
1610,1992122,HCP_1611,66,60,1100,1513,2814,5478,7036,29,37,42,60,63,103,123,144,206,389,151,10,12,23,30,36,True,False,False,False,False,False
2285,6307885,HCP_2286,68,10,457,623,952,1857,3202,168,171,251,388,60,114,211,226,124,138,83,7,10,17,19,22,False,False,False,True,True,False
4523,3544990,HCP_4524,71,10,641,810,1147,2233,3012,76,141,256,376,25,28,42,43,193,236,61,7,14,25,49,85,False,False,False,False,False,False
2476,1547460,HCP_2477,61,10,876,1186,1326,2026,3783,142,218,279,339,64,93,178,270,62,124,137,10,11,22,39,53,True,False,False,False,False,False
411,7309486,HCP_412,39,14,480,713,1154,2140,3258,196,314,468,595,64,72,121,182,72,119,219,10,11,13,14,20,False,True,False,False,False,True
986,7221230,HCP_987,66,11,551,674,834,974,1682,62,77,153,296,66,77,104,183,74,123,139,7,9,16,23,29,False,False,False,False,False,True
4593,8437863,HCP_4594,47,35,890,1244,1789,2736,5109,247,379,606,759,49,70,80,88,105,148,102,8,13,26,52,55,True,True,False,False,True,False
3557,4534265,HCP_3558,91,37,1100,2019,2699,3196,3725,106,164,166,231,72,75,121,222,140,141,99,8,11,17,30,33,True,False,True,False,False,True
1313,6922946,HCP_1314,60,31,1033,1517,1757,2291,2783,242,452,720,1410,49,61,102,130,52,85,89,6,7,8,9,17,True,False,True,False,False,False
1353,8513299,HCP_1354,77,10,244,419,422,525,811,210,306,374,382,63,106,164,263,235,248,83,9,14,27,43,76,False,False,False,False,False,False
3625,6736487,HCP_3626,54,45,1007,1982,3567,6417,9347,18,27,50,66,30,41,55,79,50,61,83,9,13,21,34,59,True,False,False,False,False,False
4453,8632558,HCP_4454,39,58,1100,1698,1831,2488,3733,252,265,361,557,33,39,67,71,138,182,257,10,20,32,51,55,True,False,False,True,False,True
273,3233499,HCP_274,30,60,851,1473,2336,3757,4327,64,79,138,141,69,82,131,242,92,179,137,7,11,17,32,40,False,False,False,False,True,False
3140,4860542,HCP_3141,68,22,754,1115,1657,1837,2037,146,175,260,410,47,65,72,82,167,312,88,7,8,9,11,20,True,False,False,False,False,True
4695,9956794,HCP_4696,88,60,1100,1871,3335,5721,7747,180,287,306,478,29,42,63,100,169,233,135,5,7,12,17,22,False,False,True,False,False,False
1563,7364892,HCP_1564,31,60,826,896,1325,1420,1840,64,99,176,182,71,99,139,158,118,195,101,5,6,12,14,20,False,False,False,False,True,False
3325,7157820,HCP_3326,57,26,439,518,719,817,1005,213,312,332,343,54,74,79,125,163,315,168,9,14,23,27,42,False,False,False,False,False,False
1705,5624179,HCP_1706,91,22,296,516,597,1085,1542,67,101,175,206,56,77,138,223,109,155,98,5,10,14,25,43,True,True,False,False,True,False
3728,1994518,HCP_3729,81,60,1100,1951,2612,3853,4531,341,675,976,1525,70,136,159,180,130,164,101,8,13,14,26,52,True,False,False,False,False,False
1785,7679822,HCP_1786,76,50,1100,2028,2169,2524,3056,316,408,634,705,45,66,125,158,127,254,199,6,7,12,18,19,True,False,False,False,False,False
4789,2977469,HCP_4790,70,21,510,865,1404,1545,1658,112,205,358,548,37,43,63,64,70,129,147,7,10,14,21,40,False,True,False,False,True,False
2868,6704253,HCP_2869,52,42,781,1217,2141,3952,6416,48,68,114,152,57,83,141,229,111,174,117,9,13,14,27,49,True,False,True,False,False,True
2687,6934484,HCP_2688,83,60,1100,1739,1983,2771,4694,197,299,368,641,25,30,39,43,121,156,92,7,8,10,20,22,True,True,False,False,False,False
4784,4887041,HCP_4785,29,12,489,975,1502,1959,3613,9,13,15,30,70,111,142,144,136,214,74,5,10,14,26,35,True,False,False,False,False,False
1672,3563201,HCP_1673,77,15,772,1499,2320,2865,5133,223,306,453,702,47,70,80,133,88,106,234,6,7,11,13,23,False,False,False,False,False,True
252,8795837,HCP_253,75,10,623,1240,1259,2254,3603,302,493,900,915,73,74,99,137,128,213,121,7,13,14,25,46,False,False,False,False,False,True
4883,4148138,HCP_4884,50,30,501,776,1320,1908,2302,176,242,311,595,40,68,121,214,64,116,151,7,13,20,22,40,True,False,True,False,False,True
3975,4004193,HCP_3976,90,47,1100,1651,3006,5497,8970,208,234,337,658,55,97,131,188,78,118,73,7,14,20,30,46,False,False,False,True,False,True
172,1767909,HCP_173,67,18,548,904,1018,1630,1977,248,401,685,1004,24,45,69,117,71,86,203,7,8,16,24,36,False,False,False,False,False,True
4275,1019298,HCP_4276,41,60,974,1793,2709,2953,5128,102,117,208,251,59,61,111,200,198,318,179,7,13,16,19,33,True,False,False,False,False,False
2647,6772222,HCP_2648,31,10,249,475,767,779,990,197,348,550,1050,66,94,127,243,78,94,166,10,17,34,36,59,True,False,False,False,True,False
2589,3581411,HCP_2590,28,52,1100,1356,1922,2612,2847,133,227,373,405,62,119,187,214,90,163,120,7,12,24,25,32,False,False,True,False,False,False
1173,3092138,HCP_1174,48,50,880,1063,1872,3716,5128,230,350,391,641,43,54,73,127,244,409,73,7,11,14,15,22,False,False,False,True,True,False
3198,5071675,HCP_3199,80,58,1100,1170,1805,2437,4057,311,434,855,1489,60,104,108,194,87,93,143,9,18,20,36,49,True,False,False,True,True,False
3539,4195431,HCP_3540,88,47,772,944,1244,1428,1704,86,159,315,571,44,54,60,66,79,114,205,8,16,23,43,73,False,False,False,False,False,True
3588,3084411,HCP_3589,63,60,1100,1796,2109,3376,5216,342,670,1241,2217,75,146,225,391,100,126,223,7,8,13,19,27,False,False,True,False,False,False
2194,8390827,HCP_2195,92,14,962,1813,2371,3488,4031,161,297,451,700,34,45,80,84,108,172,69,7,11,21,36,55,True,False,False,False,False,False
3480,6321920,HCP_3481,91,35,1063,1403,1911,2168,3412,345,525,849,1057,38,54,87,171,185,211,94,6,10,16,27,33,True,False,False,True,True,False
3948,8477040,HCP_3949,88,45,706,734,766,1391,2209,224,253,283,474,58,59,88,129,105,167,137,10,12,14,26,31,False,False,True,False,False,False
3105,9559328,HCP_3106,77,46,1100,1871,2990,5971,11941,310,395,729,928,36,46,78,82,66,126,152,5,9,14,17,31,True,False,False,False,True,False
1924,2148453,HCP_1925,78,10,100,121,194,205,403,16,32,51,54,60,114,132,183,212,329,96,9,14,23,45,78,True,False,False,False,False,True
4422,7642860,HCP_4423,65,20,997,1559,2683,3773,6388,23,38,69,95,55,76,148,210,112,150,56,5,10,15,27,29,False,False,False,True,False,False
3618,5768454,HCP_3619,60,60,319,588,957,1899,2199,289,489,820,850,27,48,55,77,91,160,98,7,11,19,31,52,True,True,False,False,False,True
1087,6475913,HCP_1088,88,60,1046,1253,1335,2134,3232,332,516,800,1550,37,73,133,194,102,171,168,10,20,24,35,38,True,False,False,True,False,False
1885,1977364,HCP_1886,59,57,1100,1336,2044,3119,4278,342,552,1007,1019,59,115,141,259,230,353,196,7,11,20,30,55,True,False,False,False,True,False
3317,4315722,HCP_3318,74,10,436,872,1255,1443,1582,178,228,302,511,60,92,131,186,154,254,87,5,10,12,16,31,True,False,True,False,False,False
3933,3172449,HCP_3934,44,60,1081,1827,3608,5818,9065,30,50,87,100,49,67,98,122,99,126,123,5,8,13,25,41,False,True,False,False,False,True
4268,1576925,HCP_4269,36,49,1100,1498,1513,1607,1880,316,436,644,1061,31,53,84,112,175,241,174,8,16,29,46,80,False,False,False,False,False,False
2354,7094812,HCP_2355,52,45,1084,1838,3019,5458,8034,141,181,257,503,72,113,188,220,129,216,153,8,16,20,31,56,False,False,False,False,True,False
1163,4223915,HCP_1164,70,50,969,1054,1087,1825,2871,179,306,428,514,29,39,45,52,97,126,110,10,19,25,50,87,False,False,False,False,True,False
694,1191381,HCP_695,64,58,1033,1567,1687,2709,5219,212,327,627,1065,51,59,84,130,95,161,110,7,10,19,33,61,True,False,False,False,True,False
4547,1118392,HCP_4548,61,17,599,716,847,1285,1547,117,165,186,269,23,33,39,65,141,225,89,10,19,31,50,100,False,False,False,False,False,False
983,7221303,HCP_984,82,53,1098,1705,3079,6009,11112,185,265,516,887,74,88,148,199,149,183,162,7,13,23,41,53,True,False,False,False,True,False
4003,3074712,HCP_4004,86,10,829,1002,1503,2809,2935,71,109,151,265,39,49,61,100,124,145,139,5,10,13,14,24,False,False,False,False,False,False
4782,5730888,HCP_4783,59,17,1100,1759,2713,3268,3948,228,232,347,391,58,83,146,188,83,89,92,5,8,16,27,43,True,False,False,False,True,False
4648,4638027,HCP_4649,78,60,1095,1639,3053,5204,8865,327,545,991,1475,75,144,244,266,224,286,146,10,18,28,47,72,True,False,False,False,False,False
4631,2338726,HCP_4632,92,50,100,143,199,356,404,226,242,262,323,73,119,193,220,104,157,173,10,11,20,30,45,True,False,False,False,False,False
513,8251523,HCP_514,39,56,1010,1221,1398,2765,4766,180,310,375,653,68,90,138,271,181,294,74,10,17,23,45,54,False,False,False,False,False,True
2917,3093837,HCP_2918,47,42,207,394,737,1157,2186,70,93,159,269,63,76,100,157,191,229,156,7,13,14,20,33,True,False,False,False,False,True
3419,5953858,HCP_3420,62,10,392,543,1063,2075,2945,108,171,287,339,38,40,64,98,102,203,143,7,13,19,34,56,True,True,False,False,False,False
3813,9950026,HCP_3814,80,10,486,860,954,1079,1518,126,171,224,349,36,54,88,170,201,273,121,6,12,24,25,42,False,False,False,False,False,False
348,2796789,HCP_349,80,50,1028,1076,2133,2682,4335,269,373,397,464,41,45,64,104,166,225,74,6,7,13,21,31,False,True,False,False,False,False
4180,5139850,HCP_4181,69,10,333,411,692,978,1445,115,215,219,365,51,94,98,174,98,166,90,9,17,26,40,68,False,True,False,False,False,False
1458,3538774,HCP_1459,49,15,341,505,671,694,944,288,566,895,1773,45,70,102,131,196,309,169,6,9,10,16,30,True,True,False,False,False,False
2710,2272329,HCP_2711,38,60,900,1467,2627,5114,6526,116,177,336,566,73,83,153,240,110,216,101,9,17,29,30,34,True,False,False,True,False,False
657,1098569,HCP_658,31,37,1100,2003,2102,2819,3035,187,208,288,541,26,48,90,177,43,74,223,9,15,19,24,42,True,False,True,False,False,True
3795,8260563,HCP_3796,80,10,364,651,963,1490,2726,225,247,335,368,70,110,186,280,203,391,152,9,10,20,39,65,False,False,False,False,True,False
4540,2746467,HCP_4541,30,48,1009,1253,2054,3696,4501,120,179,240,249,50,92,183,278,135,164,86,6,9,12,23,37,False,False,False,True,False,True
619,5088910,HCP_620,87,60,1100,1534,2715,3639,7004,238,329,518,1005,62,111,172,292,82,153,229,10,11,14,21,42,False,False,False,False,False,False
2356,8979334,HCP_2357,75,27,781,1101,2192,3255,4056,49,51,71,82,58,90,137,274,60,109,269,9,10,17,20,26,True,True,False,False,False,False
871,5303603,HCP_872,66,35,1100,1483,1486,2778,4114,12,23,25,26,36,47,87,92,127,232,140,6,9,17,32,50,False,False,False,True,False,False
4806,8689750,HCP_4807,69,15,1017,1068,1344,1575,1646,230,345,614,904,58,78,104,183,71,78,131,7,13,18,22,29,False,False,False,True,False,False
2081,7841632,HCP_2082,62,21,530,532,730,878,1740,204,286,480,528,61,99,166,258,168,216,115,7,14,19,31,60,True,False,False,False,False,False
846,9789401,HCP_847,85,52,818,951,1128,1492,2886,252,443,445,755,57,76,126,228,92,110,79,8,9,17,24,30,False,False,True,False,False,False
1191,9650003,HCP_1192,63,54,1100,1687,2563,4884,5164,156,206,308,511,66,83,84,120,146,263,88,10,13,20,38,67,True,False,False,False,True,False
4126,5646549,HCP_4127,91,45,672,1216,1451,2026,2041,346,491,742,877,69,123,246,421,185,256,256,8,16,27,53,69,False,False,False,True,True,False
3919,7192177,HCP_3920,78,42,1066,1744,2092,3804,4606,52,102,156,226,55,89,159,220,97,119,78,6,10,20,24,27,False,True,False,False,False,True
4229,4274472,HCP_4230,88,60,1100,1423,1990,3774,6316,344,676,1257,2483,48,53,55,70,88,108,153,6,12,13,24,25,True,False,False,True,False,True
3306,1376104,HCP_3307,46,56,1098,2136,3722,6149,8805,138,216,275,434,30,36,42,66,59,71,107,5,10,14,24,37,False,False,True,False,False,False
30,5774249,HCP_31,49,60,1100,1408,2321,3516,5247,67,109,151,242,54,55,64,119,116,185,188,8,14,16,23,43,True,False,True,False,False,False
1899,9772180,HCP_1900,42,51,1100,1814,3017,3027,4437,200,356,591,935,55,107,111,172,90,106,75,8,13,26,29,53,True,False,False,True,False,False
403,2170912,HCP_404,31,15,502,635,1187,1609,1821,13,21,29,48,30,49,94,110,120,156,258,7,13,21,28,51,False,False,False,True,False,False
3989,4258287,HCP_3990,64,10,869,1608,3001,3703,7160,261,419,772,877,38,53,104,122,202,389,195,9,14,19,25,31,True,True,False,False,False,False
4889,5233795,HCP_4890,40,39,473,642,719,949,1626,57,78,97,164,55,84,145,224,94,121,190,10,12,21,39,74,False,False,True,False,False,False
3719,5734559,HCP_3720,56,10,705,734,1351,2147,2409,104,152,286,347,47,75,82,162,200,373,104,5,6,11,20,37,True,False,False,False,False,True
3098,6721045,HCP_3099,33,60,1100,1953,2063,3434,4615,349,569,675,1283,54,99,159,274,176,339,164,7,14,18,19,31,False,True,False,False,False,True
634,1720996,HCP_635,65,36,1100,1351,2350,4236,7232,101,195,299,333,65,108,162,177,192,281,134,5,10,14,21,39,False,False,False,False,False,False
4104,5144632,HCP_4105,78,60,1100,1433,2090,3302,5342,322,363,654,918,30,32,42,65,219,348,92,10,11,15,26,47,False,True,False,False,True,False
2195,9587979,HCP_2196,51,30,428,500,975,1881,3609,229,260,411,770,42,73,131,254,59,89,85,10,11,18,27,40,True,False,False,False,False,False
3723,8346252,HCP_3724,55,10,407,669,1135,2065,2458,8,9,18,33,61,98,147,156,127,245,192,8,12,13,23,44,True,False,False,False,False,True
1392,9608342,HCP_1393,62,10,663,1012,2023,2176,3246,155,308,541,783,55,68,69,111,102,174,80,7,9,13,22,23,True,False,False,False,False,True
2046,9418419,HCP_2047,90,36,1086,1458,2114,3256,3618,245,299,472,503,52,96,173,283,145,197,209,8,16,29,31,41,True,False,False,True,True,False
2770,4139460,HCP_2771,88,16,1100,1396,1747,3223,6037,80,142,280,402,27,45,68,129,80,135,121,8,16,32,46,54,False,True,False,False,False,False
1049,5609891,HCP_1050,75,60,1100,1204,1714,2847,4965,45,77,106,160,56,71,104,119,170,211,101,7,14,22,28,44,True,False,False,False,False,False
1164,8611005,HCP_1165,58,29,1033,1871,3636,6576,12141,107,110,124,141,31,33,40,46,190,273,118,8,13,25,46,65,False,True,False,False,False,True
3547,4523935,HCP_3548,84,60,1100,1960,3563,6345,8041,42,72,118,171,49,81,142,195,159,174,91,6,11,19,23,34,False,False,False,True,False,True
3953,6615297,HCP_3954,54,44,1078,1987,2151,3734,4453,288,561,842,1627,68,97,115,229,135,158,85,7,8,10,11,21,False,False,False,True,True,False
1836,3498874,HCP_1837,85,60,1100,1528,1607,1788,2090,97,170,315,497,75,103,153,234,221,307,130,5,6,7,10,15,True,False,False,False,True,False
2231,3532454,HCP_2232,34,52,1100,1592,2371,3835,5614,270,536,1017,1615,65,103,143,280,155,192,114,9,16,24,33,35,True,False,False,False,True,False
3379,5935278,HCP_3380,63,55,1100,1620,1896,2976,4661,110,216,356,600,27,36,39,40,188,237,67,7,8,15,16,22,True,False,False,True,False,False
1975,4540411,HCP_1976,81,10,744,1377,2267,4350,4381,131,261,300,345,43,69,126,168,56,74,76,10,18,29,48,78,False,False,False,False,False,True
2438,3563887,HCP_2439,49,17,831,1085,1943,2577,4362,82,130,246,279,24,38,39,44,136,167,207,7,11,21,31,39,False,False,True,False,False,False
4729,5821027,HCP_4730,76,15,530,997,1950,2477,3746,292,438,852,1032,68,99,197,233,88,149,88,8,14,26,48,55,False,False,False,False,False,False
888,6406226,HCP_889,48,31,350,551,801,1526,2883,59,117,209,345,58,102,203,293,61,85,128,5,10,18,20,23,False,False,False,False,False,False
1307,9488509,HCP_1308,67,59,1100,1608,1690,2645,3485,215,334,636,657,72,116,225,305,122,143,73,7,8,14,25,49,True,False,False,False,True,False
4181,7241019,HCP_4182,67,10,140,249,356,478,527,119,159,233,392,66,73,95,140,102,119,77,5,10,17,18,31,True,False,False,False,True,False
3046,3292662,HCP_3047,38,37,326,347,651,726,1390,278,377,736,1395,59,104,205,348,176,181,177,5,8,10,19,22,True,False,False,True,False,False
3012,6686982,HCP_3013,79,60,1084,1730,2906,5361,5680,128,179,207,230,43,57,58,110,137,169,50,10,13,21,32,55,False,False,False,True,True,False
171,3650201,HCP_172,53,42,949,956,1035,1918,3262,164,210,291,445,33,64,105,132,133,136,60,5,9,18,34,50,False,False,False,False,False,False
2115,3678354,HCP_2116,58,10,510,790,1143,2182,3464,33,36,44,76,59,117,138,274,93,165,158,10,18,21,38,63,True,False,False,False,False,False
4872,8424341,HCP_4873,37,48,660,836,1335,2130,3891,185,346,366,392,30,59,98,105,242,370,82,6,10,18,21,41,False,False,True,False,False,False
3792,5562087,HCP_3793,28,23,1100,1749,3305,5418,10490,112,137,247,446,36,39,58,88,149,201,150,5,10,18,30,44,True,False,False,False,True,False
1684,2950270,HCP_1685,88,21,691,732,1443,1766,2429,229,266,369,716,45,67,116,159,172,300,151,6,8,12,15,16,True,False,False,False,False,True
3895,5728709,HCP_3896,38,51,804,1313,2239,4167,5389,297,398,663,946,37,61,99,185,117,121,160,10,19,33,61,78,False,False,False,False,False,False
4109,2261703,HCP_4110,60,11,383,474,496,639,1171,286,509,783,806,65,77,95,190,148,200,240,9,15,24,34,56,True,False,False,True,False,False
3867,1694779,HCP_3868,90,55,695,778,1005,1118,1623,141,184,213,377,58,84,128,239,76,106,163,5,6,11,16,17,False,False,True,False,True,False
4849,4804374,HCP_4850,36,51,1100,2074,2273,2697,5268,232,291,555,790,39,65,94,179,176,252,244,10,17,18,26,44,False,False,False,True,True,False
2722,2557855,HCP_2723,73,29,366,724,1235,1623,2072,174,317,335,631,72,134,213,361,71,73,132,6,8,13,25,31,True,False,False,False,False,False
4493,9379580,HCP_4494,67,10,148,208,395,737,1272,284,364,643,912,44,69,118,224,203,320,85,8,12,14,19,29,True,False,True,False,False,False
1062,3793721,HCP_1063,62,17,605,1087,1507,2236,2732,130,204,212,301,58,65,95,163,153,303,82,8,14,28,38,39,True,False,True,False,False,False
3852,9470729,HCP_3853,74,11,100,158,225,266,387,159,183,326,435,45,69,119,232,173,344,102,6,12,17,27,47,True,False,False,True,True,False
1381,8841569,HCP_1382,38,59,1038,1965,3805,6638,11920,177,267,448,525,23,33,35,58,131,223,131,8,10,12,14,23,False,True,False,False,True,False
1165,3699880,HCP_1166,48,50,523,886,1365,1562,1776,283,372,484,666,62,87,169,291,103,136,83,6,9,14,26,37,True,True,False,False,False,False
2646,9799412,HCP_2647,55,11,1100,1501,1798,2617,5163,277,499,866,1095,34,63,66,97,251,349,81,5,9,11,14,17,False,False,False,True,False,True
10,8718815,HCP_11,71,42,1079,1564,2291,4414,6984,22,31,57,99,52,98,128,218,113,134,157,10,16,29,36,48,False,False,True,False,True,False
389,9402655,HCP_390,73,60,1100,1641,2295,3960,6427,256,487,501,921,27,37,68,135,95,96,174,9,11,15,18,34,True,False,False,False,True,False
114,8221716,HCP_115,54,60,1100,1939,2605,3741,3851,289,393,571,887,33,34,55,82,237,401,158,5,6,12,20,35,True,False,False,False,False,False
826,5040476,HCP_827,78,12,1046,1326,2640,4723,7445,185,271,503,630,62,83,94,97,143,252,76,7,11,22,44,64,False,True,False,False,False,False
1140,9638244,HCP_1141,91,48,1029,2039,3954,5774,8585,55,59,97,182,23,38,53,101,96,101,209,7,11,22,35,67,False,False,False,False,False,False
2108,5862415,HCP_2109,34,56,1100,1487,1956,3657,3949,79,102,166,252,34,55,72,132,166,171,113,10,18,29,48,63,False,False,False,False,False,False
3494,1116781,HCP_3495,51,60,1100,1643,3037,5642,9142,34,48,88,98,67,87,89,161,141,150,126,9,11,19,24,27,False,True,False,False,True,False
3164,3373849,HCP_3165,33,46,1100,1719,1879,2326,3628,37,71,113,168,29,48,52,100,254,356,145,10,12,22,28,51,False,True,False,False,False,False
2601,4093078,HCP_2602,88,53,1100,1312,1550,2717,3325,31,58,110,204,29,55,105,150,80,122,103,10,14,18,32,63,False,False,True,False,True,False
2620,3944281,HCP_2621,55,10,201,202,379,758,789,332,558,617,949,38,41,49,90,173,203,96,5,9,18,22,37,True,False,False,True,False,True
4312,5535994,HCP_4313,58,60,949,1438,2727,4547,6812,257,281,294,580,60,109,199,238,134,211,112,8,14,25,33,35,False,False,False,False,False,True
1338,1182495,HCP_1339,74,60,971,1563,1932,3421,5640,200,399,453,899,67,128,168,223,152,259,244,6,7,11,12,22,True,False,False,True,False,False
2603,8238012,HCP_2604,73,18,498,885,1389,1851,2152,348,501,993,1103,71,73,76,99,156,203,125,6,12,22,27,42,True,False,False,False,False,True
4696,4128476,HCP_4697,77,10,692,1208,2161,3958,5355,30,32,59,74,60,89,133,208,97,133,126,8,13,20,26,38,False,False,False,False,False,False
2261,2067940,HCP_2262,62,23,337,610,893,1490,2752,318,531,895,1294,72,106,190,243,63,103,208,7,11,16,29,50,True,False,True,False,False,False
780,7168868,HCP_781,81,26,518,681,810,1099,1458,217,338,674,1223,66,73,80,88,140,159,142,6,8,12,16,28,False,False,False,True,True,False
1733,7385718,HCP_1734,69,13,269,275,450,554,1002,126,127,177,265,27,52,62,72,178,193,71,5,10,20,31,56,False,False,True,False,False,True
1577,5805203,HCP_1578,63,41,966,1208,1743,3277,6005,177,239,322,524,45,68,103,155,98,182,151,9,12,16,20,37,False,False,False,False,False,False
2399,3642572,HCP_2400,82,60,1000,1512,1972,3870,4911,71,92,184,339,27,29,52,85,195,382,165,9,10,17,21,28,False,True,False,False,False,False
2091,4263934,HCP_2092,48,60,1100,1248,1446,2272,3793,142,144,209,307,23,43,79,121,226,330,73,7,10,20,30,50,False,False,False,True,False,True
1783,5243506,HCP_1784,50,45,959,1075,1715,3028,5197,132,156,208,281,57,89,112,129,82,113,47,6,8,10,14,18,True,True,False,False,False,False
2339,4355445,HCP_2340,72,47,1100,1354,1437,1474,2305,92,94,104,185,54,101,134,215,146,285,174,8,15,29,52,70,True,False,False,False,False,False
4927,5069976,HCP_4928,49,11,287,543,804,1003,1292,182,288,561,606,62,121,175,206,156,232,163,8,10,18,30,35,False,True,False,False,False,True
304,5784723,HCP_305,56,52,856,1100,1193,1792,3257,150,261,506,992,29,39,77,92,122,170,98,8,11,19,20,23,True,True,False,False,True,False
2306,1400801,HCP_2307,49,60,980,1177,1452,1487,2073,85,111,206,303,33,38,55,93,89,129,234,10,17,18,35,38,False,False,False,False,False,False
4725,3740370,HCP_4726,41,44,1100,1997,2373,3382,5092,137,241,247,393,55,94,110,194,179,329,83,9,18,20,36,46,True,False,False,False,False,True
3479,1214695,HCP_3480,37,60,1100,1922,3715,5385,9658,347,432,485,578,63,90,124,172,128,253,80,7,9,12,21,25,True,False,False,True,False,False
2906,5917759,HCP_2907,33,30,474,929,1712,2345,2364,249,329,551,892,24,25,46,73,160,246,141,5,6,10,15,16,True,True,False,False,True,False
1194,5362100,HCP_1195,83,45,278,403,542,897,905,191,258,452,530,74,110,166,305,175,202,109,8,11,20,38,39,True,False,False,True,False,False
197,3696556,HCP_198,72,10,243,246,256,342,345,234,268,510,969,37,53,90,145,129,182,120,10,12,22,24,42,True,False,False,True,True,False
4712,4569740,HCP_4713,85,47,991,1281,2156,2977,5828,182,229,420,481,50,79,91,138,116,118,98,10,17,22,26,30,True,False,False,True,False,True
2503,2925254,HCP_2504,52,34,353,426,449,839,1258,320,526,839,999,28,45,83,150,92,145,173,8,9,13,25,37,True,False,True,False,False,False
4916,4632687,HCP_4917,92,48,733,1411,2223,3972,6124,259,362,540,903,49,64,93,150,66,70,131,8,14,16,26,40,True,False,False,False,False,False
1549,1826519,HCP_1550,89,42,1100,1848,3034,3877,4730,142,258,328,649,65,86,123,201,114,199,88,6,7,9,14,22,False,True,False,False,False,False
1755,1549119,HCP_1756,90,13,511,724,1266,2008,2802,141,187,344,540,38,47,60,78,97,178,129,7,14,16,26,42,True,False,False,True,False,True
328,9039936,HCP_329,64,23,570,1105,2089,3715,6115,59,115,155,172,59,72,111,207,67,95,76,6,8,15,25,47,True,False,False,False,False,False
3239,9731634,HCP_3240,55,11,379,638,1077,1894,3574,340,573,805,1332,39,70,73,146,119,172,171,8,12,19,35,64,False,False,False,False,False,False
4030,4097907,HCP_4031,38,36,1100,1794,3457,5769,9413,31,51,98,108,64,106,190,201,105,134,126,9,18,21,35,43,False,False,False,False,True,False
1817,9206174,HCP_1818,53,16,201,376,642,1191,1971,198,224,330,545,30,60,85,115,56,105,177,7,13,21,35,49,False,False,False,False,False,True
2883,6018198,HCP_2884,77,16,859,1035,1874,2032,3549,279,467,672,738,32,50,99,193,150,153,92,7,10,18,19,36,False,True,False,False,True,False
4893,8183485,HCP_4894,73,60,996,1517,2055,2246,4164,266,521,966,1832,30,58,65,80,137,200,89,9,12,21,33,41,True,False,True,False,True,False
1950,9433067,HCP_1951,72,60,1100,1414,2724,5409,10076,134,149,246,468,35,62,66,73,102,197,56,7,12,14,17,34,True,False,False,False,False,False
1935,4875228,HCP_1936,68,36,775,1474,1903,2960,5649,81,137,144,170,46,66,105,168,100,104,133,5,9,18,34,52,True,False,False,True,False,True
2034,1279542,HCP_2035,92,59,795,1419,2179,4134,4624,243,436,664,1166,33,44,47,72,131,254,78,10,15,23,32,62,True,False,False,False,False,True
4046,7806736,HCP_4047,62,39,1100,2013,2239,3544,6850,331,485,936,1521,73,82,95,153,157,211,143,8,10,14,26,45,True,True,False,False,False,False
264,1282341,HCP_265,92,52,1100,1986,3246,4826,6911,345,670,1171,2196,71,118,212,312,72,116,117,5,9,15,21,29,True,False,False,False,False,False
470,9204169,HCP_471,45,56,881,1681,1820,2063,3771,223,258,338,394,75,126,228,372,99,101,223,10,18,27,49,85,False,False,False,False,False,False
2011,2381572,HCP_2012,30,26,600,1185,1513,2182,4253,181,284,458,731,59,104,173,288,138,212,75,10,19,32,40,52,False,False,False,True,False,False
2880,1011275,HCP_2881,31,60,874,905,940,1436,1743,172,254,368,610,28,40,78,100,163,291,143,10,19,36,61,85,True,False,False,False,False,False
2378,4760730,HCP_2379,60,50,865,1018,1817,3022,5722,62,84,132,206,53,104,205,347,164,261,83,8,12,17,19,28,False,True,False,False,True,False
874,2392888,HCP_875,66,23,383,477,757,875,1494,245,353,523,948,42,67,133,205,116,184,80,9,10,16,25,46,False,True,False,False,False,False
4708,2342786,HCP_4709,63,57,530,590,980,1575,2420,306,399,666,1264,35,45,47,69,169,189,120,5,8,12,23,27,True,False,True,False,False,False
1498,1185422,HCP_1499,45,10,267,521,673,778,958,341,580,812,841,75,144,178,321,83,138,89,6,12,15,21,39,True,True,False,False,False,False
1612,3808028,HCP_1613,92,10,538,581,1067,1589,2869,319,544,720,784,35,51,68,114,206,234,138,7,9,14,16,22,True,True,False,False,False,False
3696,7606502,HCP_3697,63,10,502,843,938,1268,2494,318,607,748,1154,29,32,33,46,98,139,141,7,11,19,20,35,True,False,False,True,False,False
1434,3456210,HCP_1435,76,30,923,1729,2577,5008,9058,183,219,438,762,58,82,126,131,177,211,147,9,18,30,38,68,False,False,False,False,False,False
2205,3581485,HCP_2206,44,60,1100,2190,3339,3632,5518,224,262,279,467,39,40,64,72,97,181,116,6,10,19,30,42,True,False,True,False,False,True
4807,2986108,HCP_4808,55,10,101,176,300,342,382,251,411,651,1078,73,114,153,173,143,257,95,10,12,17,30,52,True,False,False,False,True,False
3079,2912060,HCP_3080,48,24,1100,1445,2312,4141,4382,175,229,257,427,25,30,41,79,177,257,93,10,19,27,42,66,False,False,False,False,True,False
429,9153059,HCP_430,83,22,762,1216,2410,2643,3486,59,74,148,155,49,55,110,191,172,332,130,8,11,19,37,51,False,False,False,False,False,False
4408,8729873,HCP_4409,47,56,1100,1770,3414,3745,6675,50,72,142,267,53,57,81,89,197,244,92,9,14,28,46,81,False,False,True,False,False,False
3068,3146419,HCP_3069,34,10,565,1086,2123,3241,5031,132,247,427,434,24,33,53,67,132,173,123,9,10,18,22,40,True,False,False,False,False,False
659,2989635,HCP_660,68,36,1041,1139,1318,2114,2514,11,14,16,21,27,48,92,163,115,219,170,6,10,11,16,18,True,False,False,False,False,True
4085,5886370,HCP_4086,53,10,237,296,374,410,703,236,403,412,417,54,71,94,140,88,162,163,6,12,18,34,54,True,False,False,False,True,False
1928,7490570,HCP_1929,41,60,1100,1301,1582,2772,3886,291,570,591,1004,45,51,76,80,113,202,133,9,10,14,26,41,True,False,True,False,False,True
1970,2708535,HCP_1971,75,60,1100,1716,2763,4325,5897,233,405,551,612,27,35,46,82,78,127,118,5,8,15,21,36,False,True,False,False,True,False
3908,5926011,HCP_3909,90,60,1100,1712,2587,3621,7044,166,274,429,526,64,90,179,251,151,169,137,7,8,15,27,34,False,True,False,False,False,False
574,1784804,HCP_575,78,54,1100,1523,2635,3778,4044,283,340,508,511,59,77,120,173,160,296,123,8,9,16,30,31,True,False,False,False,False,True
4798,2074009,HCP_4799,77,14,280,415,534,963,1340,294,306,568,641,72,96,161,248,172,290,65,10,14,16,23,40,False,False,False,False,False,True
3523,3908168,HCP_3524,65,57,1008,1718,2803,3336,4833,29,38,53,97,32,47,53,94,95,112,94,8,9,11,22,40,True,False,False,True,True,False
2512,8912185,HCP_2513,47,49,1100,1878,2664,3384,6075,343,679,1056,1230,52,97,130,250,158,159,127,10,20,34,43,75,True,False,False,False,False,True
1214,6718869,HCP_1215,33,33,1100,1998,3297,6194,10425,195,242,303,571,54,107,195,363,131,230,89,7,12,20,23,34,False,False,True,False,True,False
2269,6766903,HCP_2270,57,10,556,934,1567,2510,3133,307,533,657,668,66,108,204,373,119,190,102,10,14,18,31,37,True,False,False,True,False,False
4384,9049655,HCP_4385,74,60,1100,1660,3197,3389,4106,260,360,685,1206,69,80,124,178,116,163,133,5,9,15,25,41,False,False,False,False,False,False
3047,1548104,HCP_3048,45,27,1100,1557,2999,4321,4692,222,329,499,533,25,44,86,151,186,301,126,5,10,19,20,39,True,False,False,False,False,False
2946,1677396,HCP_2947,34,53,1100,1966,2575,3450,5896,223,418,800,1069,53,100,196,341,121,172,84,5,9,14,18,22,False,False,False,True,False,False
2128,5878173,HCP_2129,82,14,756,1220,1982,2715,2824,81,122,135,170,73,104,200,232,127,189,70,7,10,20,36,72,False,False,True,False,True,False
477,3118632,HCP_478,45,38,1100,1344,2642,4357,7172,56,106,151,285,23,45,84,94,165,277,122,7,10,16,27,47,False,False,True,False,False,True
4118,8196431,HCP_4119,74,10,560,1041,1602,2830,4052,310,370,577,708,67,92,162,258,66,122,293,8,11,20,36,60,True,False,False,False,False,False
2706,7494347,HCP_2707,78,57,468,910,1380,1642,2503,307,308,573,947,51,70,91,137,77,114,111,9,17,19,33,45,False,False,False,False,False,True
3705,9278374,HCP_3706,64,60,1100,2111,2701,4495,8377,331,359,370,573,28,43,82,136,146,288,112,9,12,20,22,37,False,False,True,False,False,True
3196,3866353,HCP_3197,47,10,307,483,560,653,724,341,585,591,1120,32,61,119,121,78,130,70,9,15,27,33,39,False,False,True,False,False,False
4073,5594940,HCP_4074,35,44,942,1389,1756,1829,3582,37,68,118,215,52,79,90,95,144,264,177,9,13,20,37,46,False,False,False,False,True,False
2225,4090628,HCP_2226,72,60,1100,2191,3641,4427,4984,257,350,636,654,36,56,93,161,81,82,132,10,19,33,38,70,True,False,True,False,False,True
3277,4645161,HCP_3278,60,60,1100,1525,1685,1845,3540,269,273,527,756,64,121,193,312,204,332,58,6,12,15,24,33,True,False,False,True,False,False
485,9705249,HCP_486,70,10,296,591,812,1406,1728,330,568,1096,1757,23,34,40,51,102,190,167,10,18,23,29,37,False,False,True,False,False,True
2496,8505659,HCP_2497,87,10,329,599,746,981,1655,154,180,320,622,71,117,118,196,122,191,105,8,14,28,33,63,False,False,False,False,False,False
2475,1092613,HCP_2476,30,37,1035,1364,2309,2399,4212,191,311,465,856,45,74,143,246,190,246,118,7,11,19,24,34,True,True,False,False,False,False
1006,5500986,HCP_1007,43,40,254,396,710,713,1150,102,179,307,384,35,38,63,111,67,69,133,7,12,13,25,31,True,True,False,False,False,False
1673,4913797,HCP_1674,31,10,413,759,1314,1655,2858,79,131,255,304,63,89,135,171,121,190,100,6,11,18,33,58,False,False,False,True,False,False
1843,8606683,HCP_1844,32,10,402,547,870,1663,1985,136,272,345,585,55,88,132,160,153,259,53,10,17,34,39,65,True,False,False,True,False,False
2519,7764308,HCP_2520,28,16,498,668,1264,2236,4183,42,53,95,173,75,150,246,333,157,252,172,7,11,21,28,56,False,False,False,False,False,False
1897,3371725,HCP_1898,34,55,750,833,1610,2168,3085,128,251,464,640,62,75,93,102,66,102,94,6,8,10,14,18,False,False,False,False,False,False
1479,2978585,HCP_1480,29,33,1100,1921,3729,5334,7633,334,549,717,1364,54,80,129,238,154,300,132,5,10,13,24,26,True,False,False,False,False,False
1675,2362894,HCP_1676,70,10,768,1423,1964,2771,3445,105,201,212,261,37,57,98,136,153,226,58,8,13,23,27,28,True,True,False,False,False,False
4767,1073323,HCP_4768,83,47,946,1593,2353,2488,3207,162,252,462,684,49,62,79,101,48,77,101,6,12,17,20,28,True,False,False,False,False,False
2355,6543287,HCP_2356,70,60,1085,1422,2746,5130,8724,63,106,170,255,27,30,38,64,119,126,153,7,12,21,26,39,True,False,False,True,True,False
891,8081178,HCP_892,33,60,1100,1720,2519,3332,5795,94,146,243,282,59,109,210,326,66,89,111,10,16,22,26,36,True,False,False,True,False,False
200,8962799,HCP_201,49,36,1064,1069,1643,2648,3607,227,355,672,693,29,43,71,134,72,123,215,9,18,19,20,38,True,False,False,False,False,False
4890,5184401,HCP_4891,36,60,1100,1998,2788,3267,3683,192,305,451,570,29,42,45,64,189,365,87,8,15,24,38,50,True,False,False,True,True,False
2789,5721544,HCP_2790,64,29,436,597,1009,1332,2538,27,33,58,101,41,63,109,169,108,210,194,9,18,24,25,35,True,False,False,False,True,False
1918,6755931,HCP_1919,88,16,221,377,452,622,833,246,402,588,612,39,41,55,110,98,160,162,5,9,12,21,32,False,False,False,False,True,False
4785,5933661,HCP_4786,77,14,449,843,1170,2029,3839,126,150,198,278,42,56,104,158,216,312,234,8,16,27,30,45,True,False,False,False,True,False
2445,8885142,HCP_2446,57,44,1017,1082,1853,3171,6056,119,123,205,282,31,52,90,168,101,112,107,10,14,25,49,98,False,True,False,False,False,False
4668,6709553,HCP_4669,70,47,988,1565,1806,3336,5296,153,161,228,410,44,85,113,223,192,377,93,6,11,18,23,24,True,False,False,False,False,False
3630,1950624,HCP_3631,36,32,1100,1942,2261,2336,3550,165,169,219,402,56,65,77,91,249,398,206,9,16,25,36,43,False,False,True,False,False,True
157,6698925,HCP_158,58,58,1091,1684,1883,3589,5261,242,402,644,783,49,90,115,224,283,510,91,6,9,18,23,46,False,False,False,False,False,False
1737,4269818,HCP_1738,83,18,567,907,1163,2284,4527,58,105,170,339,68,78,83,162,144,286,175,5,7,12,22,32,True,False,True,False,False,False
3983,8280029,HCP_3984,84,51,1100,1515,2481,3782,3992,195,297,497,846,74,84,158,215,77,131,116,8,10,14,27,33,False,False,True,False,False,False
217,3880952,HCP_218,30,60,1100,1355,2286,2515,4171,282,300,341,571,26,34,42,63,127,216,151,10,11,17,21,25,True,False,False,False,False,True
3871,9351653,HCP_3872,52,50,1085,1874,2686,4440,7391,171,231,268,375,25,36,51,52,96,122,139,6,12,22,32,64,True,False,False,False,False,False
2029,4710222,HCP_2030,70,28,398,702,731,1099,1255,199,383,396,411,63,88,159,276,153,226,114,5,6,11,17,19,True,False,False,True,False,True
2973,9528784,HCP_2974,58,18,877,1082,1570,2826,3143,283,513,970,1117,58,115,164,229,38,64,138,5,9,16,27,29,True,False,False,True,False,False
106,2527204,HCP_107,31,56,1082,1809,3166,6158,6815,212,303,406,606,44,76,108,215,137,184,89,7,9,18,33,49,True,False,False,True,False,False
3764,5348688,HCP_3765,55,18,364,647,820,991,1878,10,13,14,20,33,65,115,167,113,145,118,9,10,17,21,33,True,False,False,False,False,False
4820,6912461,HCP_4821,56,44,786,1184,1588,2563,5029,139,186,193,383,26,28,50,55,77,143,123,9,11,17,34,55,False,False,False,False,False,False
2036,1496832,HCP_2037,82,10,469,548,773,1078,1753,254,452,610,757,47,61,67,129,152,217,104,5,7,8,14,23,False,False,False,True,False,False
573,5569269,HCP_574,45,60,1100,1348,2635,3193,5962,129,144,263,433,63,96,122,134,99,136,165,5,10,13,25,49,True,False,False,True,False,False
212,8704421,HCP_213,60,55,950,1123,2173,3320,3340,297,507,647,771,34,66,115,133,67,98,208,6,9,10,20,32,True,False,False,False,False,False
3274,2362617,HCP_3275,90,33,427,836,895,1031,2020,20,21,36,37,63,87,165,278,159,198,110,6,10,16,26,37,True,False,True,False,False,True
2501,1500608,HCP_2502,92,19,664,738,945,1250,1769,177,254,442,479,33,64,107,174,101,141,190,8,13,19,27,52,False,False,False,False,True,False
1428,1580504,HCP_1429,70,15,100,175,327,599,899,121,187,334,414,25,36,71,87,117,200,151,5,10,14,17,18,False,False,False,False,False,True
4710,6623082,HCP_4711,55,25,832,1089,1639,1858,2946,179,203,312,494,70,76,94,126,133,140,70,6,7,13,14,21,True,False,True,False,False,False
4122,4214765,HCP_4123,57,29,367,652,1186,1374,2343,145,200,331,485,60,84,91,179,91,179,87,6,11,13,15,21,True,False,False,False,True,False
1778,1609712,HCP_1779,31,38,459,759,1145,2140,2751,116,197,307,423,44,63,97,129,75,132,133,8,9,11,17,28,False,False,False,False,False,False
